{"eval_loss": 1.090491771697998, "eval_accuracy": 0.7174999713897705, "eval_runtime": 3.9317, "eval_samples_per_second": 101.737, "eval_steps_per_second": 4.324}