{"eval_loss": 2.3245747089385986, "eval_accuracy": 0.47223353385925293, "eval_runtime": 19.8065, "eval_samples_per_second": 496.404, "eval_steps_per_second": 20.7}