{"eval_loss": 3.866118907928467, "eval_accuracy": 0.34166666865348816, "eval_runtime": 5.2392, "eval_samples_per_second": 229.041, "eval_steps_per_second": 9.543}