{"eval_loss": 1.464510202407837, "eval_accuracy": 0.6362500190734863, "eval_runtime": 5.7793, "eval_samples_per_second": 276.849, "eval_steps_per_second": 11.593}