{"eval_loss": 1.464510202407837, "eval_accuracy": 0.6362500190734863, "eval_runtime": 5.8552, "eval_samples_per_second": 273.26, "eval_steps_per_second": 11.443}