{"eval_loss": 0.3024710714817047, "eval_accuracy": 0.8964641094207764, "eval_runtime": 19.6692, "eval_samples_per_second": 500.376, "eval_steps_per_second": 20.896}