{"eval_loss": 2.361335039138794, "eval_accuracy": 0.3241666555404663, "eval_runtime": 5.3303, "eval_samples_per_second": 225.129, "eval_steps_per_second": 9.38}