{"eval_loss": 4.005857944488525, "eval_accuracy": 0.3241666555404663, "eval_runtime": 5.1713, "eval_samples_per_second": 232.05, "eval_steps_per_second": 9.669}