{"eval_loss": 0.9670448303222656, "eval_accuracy": 0.7537500262260437, "eval_runtime": 4.5587, "eval_samples_per_second": 175.488, "eval_steps_per_second": 7.458}