{"eval_loss": 0.8158915042877197, "eval_accuracy": 0.7595000267028809, "eval_runtime": 6.4098, "eval_samples_per_second": 312.021, "eval_steps_per_second": 13.105}