{"eval_loss": 1.7919707298278809, "eval_accuracy": 0.547294557094574, "eval_runtime": 19.444, "eval_samples_per_second": 505.658, "eval_steps_per_second": 21.086}