{"eval_loss": 2.664815902709961, "eval_accuracy": 0.3199999928474426, "eval_runtime": 5.276, "eval_samples_per_second": 227.447, "eval_steps_per_second": 9.477}