{"eval_loss": 1.5999587774276733, "eval_accuracy": 0.5074999928474426, "eval_runtime": 3.9353, "eval_samples_per_second": 101.643, "eval_steps_per_second": 4.32}