{"eval_loss": 1.5999587774276733, "eval_accuracy": 0.5074999928474426, "eval_runtime": 3.933, "eval_samples_per_second": 101.703, "eval_steps_per_second": 4.322}