{"eval_loss": 1.5186817646026611, "eval_accuracy": 0.5809475183486938, "eval_runtime": 19.4416, "eval_samples_per_second": 504.844, "eval_steps_per_second": 21.037}