{"eval_loss": 1.4836900234222412, "eval_accuracy": 0.5958095788955688, "eval_runtime": 19.5725, "eval_samples_per_second": 502.336, "eval_steps_per_second": 20.948}