{"eval_loss": 0.847341775894165, "eval_accuracy": 0.7699999809265137, "eval_runtime": 3.9247, "eval_samples_per_second": 101.92, "eval_steps_per_second": 4.332}