{"eval_loss": 0.847341775894165, "eval_accuracy": 0.7699999809265137, "eval_runtime": 3.8701, "eval_samples_per_second": 103.356, "eval_steps_per_second": 4.393}