{"eval_loss": 1.3599162101745605, "eval_accuracy": 0.659500002861023, "eval_runtime": 6.567, "eval_samples_per_second": 304.555, "eval_steps_per_second": 12.791}