{"eval_loss": 1.0513991117477417, "eval_accuracy": 0.6575000286102295, "eval_runtime": 4.5912, "eval_samples_per_second": 174.248, "eval_steps_per_second": 7.406}