{"eval_loss": 1.0513991117477417, "eval_accuracy": 0.6575000286102295, "eval_runtime": 4.6033, "eval_samples_per_second": 173.787, "eval_steps_per_second": 7.386}