{"eval_loss": 1.610066294670105, "eval_accuracy": 0.5349974632263184, "eval_runtime": 19.3802, "eval_samples_per_second": 506.446, "eval_steps_per_second": 21.104}