{"eval_loss": 1.2056649923324585, "eval_accuracy": 0.7009999752044678, "eval_runtime": 6.4982, "eval_samples_per_second": 307.778, "eval_steps_per_second": 12.927}