{"eval_loss": 1.4241029024124146, "eval_accuracy": 0.6025471091270447, "eval_runtime": 19.5483, "eval_samples_per_second": 502.09, "eval_steps_per_second": 20.923}