{"eval_loss": 1.3710100650787354, "eval_accuracy": 0.621643602848053, "eval_runtime": 19.6317, "eval_samples_per_second": 500.823, "eval_steps_per_second": 20.885}