{"eval_loss": 1.842667818069458, "eval_accuracy": 0.5475000143051147, "eval_runtime": 4.5003, "eval_samples_per_second": 177.767, "eval_steps_per_second": 7.555}