{"eval_loss": 1.842667818069458, "eval_accuracy": 0.5475000143051147, "eval_runtime": 4.5024, "eval_samples_per_second": 177.684, "eval_steps_per_second": 7.552}