{"eval_loss": 0.793567419052124, "eval_accuracy": 0.7021905183792114, "eval_runtime": 19.5853, "eval_samples_per_second": 501.141, "eval_steps_per_second": 20.883}