{"eval_loss": 1.85052490234375, "eval_accuracy": 0.42758339643478394, "eval_runtime": 19.5461, "eval_samples_per_second": 503.015, "eval_steps_per_second": 20.976}