{"eval_loss": 1.602800726890564, "eval_accuracy": 0.5972335338592529, "eval_runtime": 19.5674, "eval_samples_per_second": 502.467, "eval_steps_per_second": 20.953}