{"eval_loss": 1.203237771987915, "eval_accuracy": 0.7137500047683716, "eval_runtime": 4.5121, "eval_samples_per_second": 177.301, "eval_steps_per_second": 7.535}