{"eval_loss": 1.4856046438217163, "eval_accuracy": 0.5331570506095886, "eval_runtime": 19.9111, "eval_samples_per_second": 493.795, "eval_steps_per_second": 20.592}