{"eval_loss": 1.948926568031311, "eval_accuracy": 0.43301069736480713, "eval_runtime": 19.3754, "eval_samples_per_second": 506.57, "eval_steps_per_second": 21.109}