{"eval_loss": 1.3210207223892212, "eval_accuracy": 0.6132450103759766, "eval_runtime": 19.4395, "eval_samples_per_second": 504.899, "eval_steps_per_second": 21.04}