{"eval_loss": 2.403482437133789, "eval_accuracy": 0.32083332538604736, "eval_runtime": 5.3071, "eval_samples_per_second": 226.113, "eval_steps_per_second": 9.421}