{"eval_loss": 1.2074066400527954, "eval_accuracy": 0.6712499856948853, "eval_runtime": 4.5658, "eval_samples_per_second": 175.215, "eval_steps_per_second": 7.447}