{"eval_loss": 1.2074066400527954, "eval_accuracy": 0.6712499856948853, "eval_runtime": 4.5814, "eval_samples_per_second": 174.618, "eval_steps_per_second": 7.421}