{"eval_loss": 3.5943171977996826, "eval_accuracy": 0.31833332777023315, "eval_runtime": 5.2582, "eval_samples_per_second": 228.215, "eval_steps_per_second": 9.509}