{"eval_loss": 1.0862756967544556, "eval_accuracy": 0.7250000238418579, "eval_runtime": 4.5826, "eval_samples_per_second": 174.572, "eval_steps_per_second": 7.419}