{"eval_loss": 1.6820728778839111, "eval_accuracy": 0.47264036536216736, "eval_runtime": 19.728, "eval_samples_per_second": 498.378, "eval_steps_per_second": 20.783}