{"eval_loss": 1.456191897392273, "eval_accuracy": 0.6134999990463257, "eval_runtime": 6.5331, "eval_samples_per_second": 306.135, "eval_steps_per_second": 12.858}