{"eval_loss": 1.6090360879898071, "eval_accuracy": 0.5743749737739563, "eval_runtime": 5.7889, "eval_samples_per_second": 276.39, "eval_steps_per_second": 11.574}