{"eval_loss": 0.9373888969421387, "eval_accuracy": 0.7237499952316284, "eval_runtime": 5.8799, "eval_samples_per_second": 272.115, "eval_steps_per_second": 11.395}