{"eval_loss": 1.8313109874725342, "eval_accuracy": 0.571704626083374, "eval_runtime": 19.6737, "eval_samples_per_second": 499.754, "eval_steps_per_second": 20.84}