{"eval_loss": 1.502341866493225, "eval_accuracy": 0.5350000262260437, "eval_runtime": 4.5642, "eval_samples_per_second": 175.276, "eval_steps_per_second": 7.449}