{"eval_loss": 2.0106139183044434, "eval_accuracy": 0.47749999165534973, "eval_runtime": 4.5691, "eval_samples_per_second": 175.091, "eval_steps_per_second": 7.441}