{"eval_loss": 1.948926568031311, "eval_accuracy": 0.43301069736480713, "eval_runtime": 19.8059, "eval_samples_per_second": 495.559, "eval_steps_per_second": 20.65}