{"eval_loss": 1.948926568031311, "eval_accuracy": 0.43301069736480713, "eval_runtime": 19.4052, "eval_samples_per_second": 505.792, "eval_steps_per_second": 21.077}