{"eval_loss": 3.736158847808838, "eval_accuracy": 0.32749998569488525, "eval_runtime": 5.2886, "eval_samples_per_second": 226.903, "eval_steps_per_second": 9.454}