{"eval_loss": 2.1030585765838623, "eval_accuracy": 0.3400000035762787, "eval_runtime": 5.2945, "eval_samples_per_second": 226.651, "eval_steps_per_second": 9.444}