{"eval_loss": 0.5291290283203125, "eval_accuracy": 0.8387500047683716, "eval_runtime": 4.5336, "eval_samples_per_second": 176.46, "eval_steps_per_second": 7.5}