{"eval_loss": 1.2604150772094727, "eval_accuracy": 0.6775000095367432, "eval_runtime": 4.5517, "eval_samples_per_second": 175.758, "eval_steps_per_second": 7.47}