{"eval_loss": 2.034619092941284, "eval_accuracy": 0.3974776268005371, "eval_runtime": 19.5082, "eval_samples_per_second": 503.994, "eval_steps_per_second": 21.017}