{"eval_loss": 1.2768572568893433, "eval_accuracy": 0.5962499976158142, "eval_runtime": 5.8478, "eval_samples_per_second": 273.606, "eval_steps_per_second": 11.457}