{"eval_loss": 0.7507177591323853, "eval_accuracy": 0.7975000143051147, "eval_runtime": 3.8898, "eval_samples_per_second": 102.832, "eval_steps_per_second": 4.37}