{"eval_loss": 0.33291327953338623, "eval_accuracy": 0.9024999737739563, "eval_runtime": 3.9259, "eval_samples_per_second": 101.888, "eval_steps_per_second": 4.33}