{"eval_loss": 1.2658485174179077, "eval_accuracy": 0.6800000071525574, "eval_runtime": 4.5464, "eval_samples_per_second": 175.961, "eval_steps_per_second": 7.478}