{"eval_loss": 0.793567419052124, "eval_accuracy": 0.7021905183792114, "eval_runtime": 19.3989, "eval_samples_per_second": 505.957, "eval_steps_per_second": 21.084}