{"eval_loss": 1.3457032442092896, "eval_accuracy": 0.6112499833106995, "eval_runtime": 4.5861, "eval_samples_per_second": 174.441, "eval_steps_per_second": 7.414}