{"eval_loss": 1.2345263957977295, "eval_accuracy": 0.6968749761581421, "eval_runtime": 5.8325, "eval_samples_per_second": 274.327, "eval_steps_per_second": 11.487}