{"eval_loss": 1.3416554927825928, "eval_accuracy": 0.578499972820282, "eval_runtime": 6.516, "eval_samples_per_second": 306.937, "eval_steps_per_second": 12.891}