{"eval_loss": 2.315413475036621, "eval_accuracy": 0.5102725625038147, "eval_runtime": 19.814, "eval_samples_per_second": 496.215, "eval_steps_per_second": 20.692}